[ {
  "deptId" : 2,
  "deptName" : "Production Support",
  "deptLocation" : "UK",
  "employeeDetails" : [ {
    "empId" : 1,
    "empName" : "prdsuppUK01",
    "emailId" : "prdsuppUK01@gmail.com"
  }, {
    "empId" : 2,
    "empName" : "prdsuppUK02",
    "emailId" : "prdsuppUK02@gmail.com"
  } ]
}, {
  "deptId" : 3,
  "deptName" : "Cloud Analyst",
  "deptLocation" : "UK",
  "employeeDetails" : [ {
    "empId" : 1,
    "empName" : "Aditi01",
    "emailId" : "aditi01@gmail.com"
  }, {
    "empId" : 2,
    "empName" : "Aditi02",
    "emailId" : "aditi02@gmail.com"
  } ]
} ]